ECOREGION_CODE,ECOREGION_NAME,ECOREGION_AREA,GLOBAL200_NUM,CONSERVATION_STATUS,ANALYSIS,REALM_CODE,MHT_CODE,CREATED_BY,DATE_CREATED,MODIFIED_BY,DATE_MODIFIED,INFO_LOCATION,ALTERNATE_NAME
AA0101,Admiralty Islands lowland rain forests,2100,99,1,Y,aa,1,,,,,,
AA0102,Banda Sea Islands moist deciduous forests,7500,99,2,Y,aa,1,,,,,,
AA0103,Biak-Numfoor rain forests,2800,99,1,Y,aa,1,,,,,http://www.worldwildlife.org/wildplaces/ng/index.cfm,
AA0104,Buru rain forests,8600,99,2,Y,aa,1,,,,,,
AA0105,Central Range montane rain forests,172000,15,3,Y,aa,1,,,,,http://www.worldwildlife.org/wildplaces/ng/index.cfm,
AA0106,Halmahera rain forests,26900,13,3,Y,aa,1,,,,,,
AA0107,Huon Peninsula montane rain forests,16500,15,3,Y,aa,1,,,,,http://www.worldwildlife.org/wildplaces/ng/index.cfm,
AA0108,Yapen rain forests,2400,99,1,Y,aa,1,,,,,http://www.worldwildlife.org/wildplaces/ng/index.cfm,
AA0109,Lord Howe Island subtropical forests,100,19,1,Y,aa,1,,,,,,
AA0110,Louisiade Archipelago rain forests,1600,99,2,Y,aa,1,,,,,,
AA0111,New Britain-New Ireland lowland rain forests,35100,16,1,Y,aa,1,,,,,,
AA0112,New Britain-New Ireland montane rain forests,12100,16,1,Y,aa,1,,,,,,
AA0113,New Caledonia rain forests,14600,18,1,Y,aa,1,,,,,,
AA0114,Norfolk Island subtropical forests,100,19,1,Y,aa,1,,,,,,
AA0115,Northern New Guinea lowland rain and freshwater swamp forests,135200,99,1,Y,aa,1,,,,,http://www.worldwildlife.org/wildplaces/ng/index.cfm,
AA0116,Northern New Guinea montane rain forests,23300,99,1,Y,aa,1,,,,,http://www.worldwildlife.org/wildplaces/ng/index.cfm,
AA0117,Queensland tropical rain forests,32700,17,2,Y,aa,1,,,,,,
AA0118,Seram rain forests,19400,13,3,Y,aa,1,,,,,,
AA0119,Solomon Islands rain forests,35900,16,2,Y,aa,1,,,,,,
AA0120,Southeastern Papuan rain forests,77400,15,3,Y,aa,1,,,,,http://www.worldwildlife.org/wildplaces/ng/index.cfm,
AA0121,Southern New Guinea freshwater swamp forests,99900,99,3,Y,aa,1,,,,,http://www.worldwildlife.org/wildplaces/ng/index.cfm,
AA0122,Southern New Guinea lowland rain forests,122900,14,1,Y,aa,1,,,,,http://www.worldwildlife.org/wildplaces/ng/index.cfm,
AA0123,Sulawesi lowland rain forests,116300,12,3,Y,aa,1,,,,,,
AA0124,Sulawesi montane rain forests,75800,12,3,Y,aa,1,,,,,,
AA0125,Trobriand Islands rain forests,4200,99,3,Y,aa,1,,,,,,
AA0126,Vanuatu rain forests,13200,16,1,Y,aa,1,,,,,,
AA0127,Vogelkop montane rain forests,22000,15,2,Y,aa,1,,,,,http://www.worldwildlife.org/wildplaces/ng/index.cfm,
AA0128,Vogelkop-Aru lowland rain forests,77400,14,1,Y,aa,1,,,,,http://www.worldwildlife.org/wildplaces/ng/index.cfm,
AA0201,Lesser Sundas deciduous forests,39400,52,1,Y,aa,2,,,,,,
AA0202,New Caledonia dry forests,4400,53,1,Y,aa,2,,,,,,
AA0203,Sumba deciduous forests,10800,99,1,Y,aa,2,,,,,,
AA0204,Timor and Wetar deciduous forests,33500,52,1,Y,aa,2,,,,,,
AA0401,Chatham Island temperate forests,800,99,1,Y,aa,4,,,,,,
AA0402,Eastern Australian temperate forests,222100,64,1,Y,aa,4,,,,,,
AA0403,Fiordland temperate forests,11000,66,3,Y,aa,4,,,,,,
AA0404,Nelson Coast temperate forests,14600,66,3,Y,aa,4,,,,,,
AA0405,North Island temperate forests,84400,66,1,Y,aa,4,,,,,,
AA0406,Northland temperate kauri forests,29900,66,1,Y,aa,4,,,,,,
AA0407,Rakiura Island temperate forests,1700,99,1,Y,aa,4,,,,,,
AA0408,Richmond temperate forests,13200,66,2,Y,aa,4,,,,,,
AA0409,Southeast Australia temperate forests,272300,64,1,Y,aa,4,,,,,,
AA0410,Southland temperate forests,11700,66,2,Y,aa,4,,,,,,
AA0411,Tasmanian Central Highland forests,18700,65,2,Y,aa,4,,,,,,
AA0412,Tasmanian temperate forests,18200,64,1,Y,aa,4,,,,,,
AA0413,Tasmanian temperate rain forests,31300,65,2,Y,aa,4,,,,,,
AA0414,Westland temperate forests,5300,66,3,Y,aa,4,,,,,,
AA0701,Arnhem Land tropical savanna,158100,90,3,Y,aa,7,,,,,,
AA0702,Brigalow tropical savanna,342300,99,1,Y,aa,7,,,,,,
AA0703,Cape York Peninsula tropical savanna,116300,90,3,Y,aa,7,,,,,,
AA0704,Carpentaria tropical savanna,359700,90,3,Y,aa,7,,,,,,
AA0705,Einasleigh upland savanna,128500,90,2,Y,aa,7,,,,,,
AA0706,Kimberly tropical savanna,347900,90,2,Y,aa,7,,,,,,
AA0707,Mitchell grass downs,460700,99,2,Y,aa,7,,,,,,
AA0708,Trans Fly savanna and grasslands,26700,90,3,Y,aa,7,,,,,,
AA0709,Victoria Plains tropical savanna,225600,99,2,Y,aa,7,,,,,,
AA0801,Cantebury-Otago tussock grasslands,53500,99,1,Y,aa,8,,,,,,
AA0802,Eastern Australia mulga shrublands,253900,99,2,Y,aa,8,,,,,,
AA0803,Southeast Australia temperate savanna,322200,99,1,Y,aa,8,,,,,,
AA1001,Australian Alps montane grasslands,12000,64,3,Y,aa,10,,,,,,
AA1002,Central Range sub-alpine grasslands,15600,106,3,Y,aa,10,,,,,http://www.worldwildlife.org/wildplaces/ng/index.cfm,
AA1003,South Island montane grasslands,39900,99,3,Y,aa,10,,,,,,
AA1101,Antipodes Subantarctic Islands tundra,1700,99,3,Y,aa,11,,,,,,
AA1201,Coolgardie woodlands,137400,119,2,Y,aa,12,,,,,,
AA1202,Esperance mallee,115500,119,1,Y,aa,12,,,,,,
AA1203,Eyre and York mallee,60900,120,1,Y,aa,12,,,,,,
AA1204,Jarrah-Karri forest and shrublands,10400,119,1,Y,aa,12,,,,,,
AA1205,Swan Coastal Plain Scrub and Woodlands,15200,119,1,Y,aa,12,,,,,,
AA1206,Mount Lofty woodlands,23800,120,1,Y,aa,12,,,,,,
AA1207,Murray-Darling woodlands and mallee,197900,120,1,Y,aa,12,,,,,,
AA1208,Naracoorte woodlands,27500,120,1,Y,aa,12,,,,,,
AA1209,Southwest Australia savanna,168900,119,1,Y,aa,12,,,,,,
AA1210,Southwest Australia woodlands,46000,119,1,Y,aa,12,,,,,,
AA1301,Carnarvon xeric shrublands,90500,128,1,Y,aa,13,,,,,,
AA1302,Central Ranges xeric scrub,281700,129,2,Y,aa,13,,,,,,
AA1303,Gibson desert,155900,129,3,Y,aa,13,,,,,,
AA1304,Great Sandy-Tanami desert,823000,129,3,Y,aa,13,,,,,,
AA1305,Great Victoria desert,424400,99,3,Y,aa,13,,,,,,
AA1306,Nullarbor Plains xeric shrublands,195200,99,2,Y,aa,13,,,,,,
AA1307,Pilbara shrublands,179800,128,2,Y,aa,13,,,,,,
AA1308,Simpson desert,584500,99,2,Y,aa,13,,,,,,
AA1309,Tirari-Sturt stony desert,376900,99,2,Y,aa,13,,,,,,
AA1310,Western Australian Mulga shrublands,460500,99,2,Y,aa,13,,,,,,
AA1401,New Guinea mangroves,26800,138,1,N,aa,14,,,,,http://www.worldwildlife.org/wildplaces/ng/index.cfm,
AN1101,Marielandia Antarctic tundra,1146500,99,3,Y,an,11,,,,,,
AN1102,Maudlandia Antarctic desert,2115500,99,3,Y,an,11,,,,,,
AN1103,Scotia Sea Islands tundra,8500,99,1,Y,an,11,,,,,,
AN1104,Southern Indian Ocean Islands tundra,8200,99,1,Y,an,11,,,,,,
AT0101,Albertine Rift montane forests,103900,7,1,Y,at,1,,,,,,
AT0102,Atlantic Equatorial coastal forests,189700,2,2,Y,at,1,,,,,,
AT0103,Cameroonian Highlands forests,38000,3,1,Y,at,1,,,,,,
AT0104,Central Congolian lowland forests,414800,5,3,Y,at,1,,,,,http://www.worldwildlife.org/wildplaces/congo/index.cfm,
AT0105,Comoros forests,2100,99,1,Y,at,1,,,,,http://www.worldwildlife.org/wildplaces/mad/index.cfm,
AT0106,Cross-Niger transition forests,20700,99,1,Y,at,1,,,,,,
AT0107,Cross-Sanaga-Bioko coastal forests,52200,2,2,Y,at,1,,,,,,
AT0108,East African montane forests,65500,99,1,Y,at,1,,,,,,
AT0109,Eastern Arc forests,23700,9,1,Y,at,1,,,,,,
AT0110,Eastern Congolian swamp forests,92700,5,3,Y,at,1,,,,,,
AT0111,Eastern Guinean forests,189400,1,1,Y,at,1,,,,,,
AT0112,Ethiopian montane forests,248800,99,1,Y,at,1,,,,,,
AT0113,Granitic Seychelles forests,300,11,1,Y,at,1,,,,,http://www.worldwildlife.org/wildplaces/mad/index.cfm,
AT0114,Guinean montane forests,31100,1,1,Y,at,1,,,,,,
AT0115,Knysna-Amatole montane forests,3100,99,2,Y,at,1,,,,,,
AT0116,KwaZulu-Cape coastal forest mosaic,17800,99,1,Y,at,1,,,,,,
AT0117,Madagascar lowland forests,112600,10,1,Y,at,1,,,,,http://www.worldwildlife.org/wildplaces/mad/index.cfm,
AT0118,Madagascar subhumid forests,199500,10,1,Y,at,1,,,,,http://www.worldwildlife.org/wildplaces/mad/index.cfm,
AT0119,Maputaland coastal forest mosaic,30200,99,1,Y,at,1,,,,,,
AT0120,Mascarene forests,4900,11,1,Y,at,1,,,,,,
AT0121,Mount Cameroon and Bioko montane forests,1100,3,1,Y,at,1,,,,,,
AT0122,Niger Delta swamp forests,14400,99,1,Y,at,1,,,,,,
AT0123,Nigerian lowland forests,67300,99,1,Y,at,1,,,,,,
AT0124,Northeastern Congolian lowland forests,533500,4,2,Y,at,1,,,,,http://www.worldwildlife.org/wildplaces/congo/index.cfm,
AT0125,Northern Zanzibar-Inhambane coastal forest mosaic,111800,8,1,Y,at,1,,,,,,
AT0126,Northwestern Congolian lowland forests,434100,6,2,Y,at,1,,,,,http://www.worldwildlife.org/wildplaces/congo/index.cfm,
AT0127,"Sao Tome, Principe and Annobon moist lowland forests",1000,2,2,Y,at,1,,,,,,
AT0128,Southern Zanzibar-Inhambane coastal forest mosaic,144800,99,1,Y,at,1,,,,,,
AT0129,Western Congolian swamp forests,128600,6,3,Y,at,1,,,,,http://www.worldwildlife.org/wildplaces/congo/index.cfm,
AT0130,Western Guinean lowland forests,206700,1,1,Y,at,1,,,,,,
AT0201,Cape Verde Islands dry forests,4600,99,1,Y,at,2,,,,,,
AT0202,Madagascar dry deciduous forests,151300,51,1,Y,at,2,,,,,http://www.worldwildlife.org/wildplaces/mad/index.cfm,
AT0203,Zambezian Cryptosepalum dry forests,38200,99,1,Y,at,2,,,,,,
AT0701,Angolan Miombo woodlands,660100,99,2,Y,at,7,,,,,,
AT0702,Angolan Mopane woodlands,133500,99,1,Y,at,7,,,,,,
AT0703,Ascension scrub and grasslands,100,99,1,Y,at,7,,,,,,
AT0704,Central Zambezian Miombo woodlands,1184200,88,2,Y,at,7,,,,,,
AT0705,East Sudanian savanna,917600,89,1,Y,at,7,,,,,,
AT0706,Eastern Miombo woodlands,483900,88,3,Y,at,7,,,,,,
AT0707,Guinean forest-savanna mosaic,673600,99,1,Y,at,7,,,,,,
AT0708,Itigi-Sumbu thicket,7800,99,1,Y,at,7,,,,,,
AT0709,Kalahari Acacia-Baikiaea woodlands,335500,99,2,Y,at,7,,,,,,
AT0710,Mandara Plateau mosaic,7500,99,1,Y,at,7,,,,,,
AT0711,Northern Acacia-Commiphora bushlands and thickets,326000,87,2,Y,at,7,,,,,,
AT0712,Northern Congolian forest-savanna mosaic,708100,99,1,Y,at,7,,,,,,
AT0713,Sahelian Acacia savanna,3053200,99,2,Y,at,7,,,,,,
AT0714,Serengeti volcanic grasslands,18000,87,2,Y,at,7,,,,,,
AT0715,Somali Acacia-Commiphora bushlands and thickets,1053300,86,2,Y,at,7,,,,,,
AT0716,Southern Acacia-Commiphora bushlands and thickets,227800,87,2,Y,at,7,,,,,,
AT0717,Southern Africa bushveld,223100,99,2,Y,at,7,,,,,,
AT0718,Southern Congolian forest-savanna mosaic,569700,99,2,Y,at,7,,,,,,
AT0719,Southern Miombo woodlands,408300,99,2,Y,at,7,,,,,,
AT0720,St. Helena scrub and woodlands,100,99,1,Y,at,7,,,,,,
AT0721,Victoria Basin forest-savanna mosaic,165800,99,1,Y,at,7,,,,,,
AT0722,West Sudanian savanna,1638500,99,1,Y,at,7,,,,,,
AT0723,Western Congolian forest-savanna mosaic,413500,99,1,Y,at,7,,,,,,
AT0724,Western Zambezian grasslands,34000,99,3,Y,at,7,,,,,,
AT0725,Zambezian and Mopane woodlands,473300,99,3,Y,at,7,,,,,,
AT0726,Zambezian Baikiaea woodlands,264400,88,2,Y,at,7,,,,,,
AT0801,Al Hajar montane woodlands,25500,127,1,Y,at,8,,,,,,
AT0802,Amsterdam and Saint-Paul Islands temperate grasslands,100,99,1,Y,at,8,,,,,,
AT0803,Tristan Da Cunha-Gough Islands shrub and grasslands,200,99,1,Y,at,8,,,,,,
AT0901,East African halophytics,2600,99,3,Y,at,9,,,,,,
AT0902,Etosha Pan halophytics,7200,99,2,Y,at,9,,,,,,
AT0903,Inner Niger Delta flooded savanna,46000,97,1,Y,at,9,,,,,,
AT0904,Lake Chad flooded savanna,18800,97,1,Y,at,9,,,,,,
AT0905,Saharan flooded grasslands,179700,97,2,Y,at,9,,,,,,
AT0906,Zambezian coastal flooded savanna,19500,99,2,Y,at,9,,,,,,
AT0907,Zambezian flooded grasslands,153500,98,3,Y,at,9,,,,,,
AT0908,Zambezian halophytics,30400,99,2,Y,at,9,,,,,,
AT1001,Angolan montane forest-grassland mosaic,25500,99,1,Y,at,10,,,,,,
AT1002,Angolan Scarp savanna and woodlands,74400,99,2,Y,at,10,,,,,,
AT1003,Drakensberg alti-montane grasslands and woodlands,11900,99,3,Y,at,10,,,,,,
AT1004,"Drakensberg montane grasslands, woodlands and forests",202200,105,1,Y,at,10,,,,,,
AT1005,East African montane moorlands,3300,104,3,Y,at,10,,,,,,
AT1006,Eastern Zimbabwe montane forest-grassland mosaic,7800,99,1,Y,at,10,,,,,,
AT1007,Ethiopian montane grasslands and woodlands,245400,102,1,Y,at,10,,,,,,
AT1008,Ethiopian montane moorlands,25200,102,2,Y,at,10,,,,,,
AT1009,Highveld grasslands,186200,99,1,Y,at,10,,,,,,
AT1010,Jos Plateau forest-grassland mosaic,13300,99,1,Y,at,10,,,,,,
AT1011,Madagascar ericoid thickets,1300,10,1,Y,at,10,,,,,http://www.worldwildlife.org/wildplaces/mad/index.cfm,
AT1012,Maputaland-Pondoland bushland and thickets,19500,99,1,Y,at,10,,,,,,
AT1013,Rwenzori-Virunga montane moorlands,2700,104,3,Y,at,10,,,,,,
AT1014,South Malawi montane forest-grassland mosaic,10200,99,1,Y,at,10,,,,,,
AT1015,Southern Rift montane forest-grassland mosaic,33500,103,1,Y,at,10,,,,,,
AT1201,Albany thickets,17100,99,1,Y,at,12,,,,,,
AT1202,Lowland fynbos and renosterveld,32600,118,1,Y,at,12,,,,,,
AT1203,Montane fynbos and renosterveld,45800,118,1,Y,at,12,,,,,,
AT1301,Aldabra Island xeric scrub,200,11,3,Y,at,13,,,,,,
AT1302,Arabian Peninsula coastal fog desert,83000,127,1,Y,at,13,,,,,,
AT1303,East Saharan montane xeric woodlands,27900,99,1,Y,at,13,,,,,,
AT1304,Eritrean coastal desert,4400,99,3,Y,at,13,,,,,,
AT1305,Ethiopian xeric grasslands and shrublands,152200,99,2,Y,at,13,,,,,,
AT1306,Gulf of Oman desert and semi-desert,62400,99,1,Y,at,13,,,,,,
AT1307,Hobyo grasslands and shrublands,26100,99,2,Y,at,13,,,,,,
AT1308,Ile Europa and Bassas da India xeric scrub,100,99,1,N,at,13,,,,,,
AT1309,Kalahari xeric savanna,588100,99,3,Y,at,13,,,,,,
AT1310,Kaokoveld desert,45700,124,1,Y,at,13,,,,,,
AT1311,Madagascar spiny thickets,44300,125,1,Y,at,13,,,,,http://www.worldwildlife.org/wildplaces/mad/index.cfm,
AT1312,Madagascar succulent woodlands,79900,125,1,Y,at,13,,,,,http://www.worldwildlife.org/wildplaces/mad/index.cfm,
AT1313,Masai xeric grasslands and shrublands,101000,99,2,Y,at,13,,,,,,
AT1314,Nama Karoo,351100,124,2,Y,at,13,,,,,,
AT1315,Namib desert,80900,124,3,Y,at,13,,,,,,
AT1316,Namibian savanna woodlands,225500,124,2,Y,at,13,,,,,,
AT1318,Socotra Island xeric shrublands,3800,126,1,Y,at,13,,,,,,
AT1319,Somali montane xeric woodlands,62200,99,1,Y,at,13,,,,,,
AT1320,Southwestern Arabian foothills savanna,274700,127,1,Y,at,13,,,,,,
AT1321,Southwestern Arabian montane woodlands,86900,127,2,Y,at,13,,,,,,
AT1322,Succulent Karoo,102700,124,1,Y,at,13,,,,,,
AT1401,Central African mangroves,29900,135,1,N,at,14,,,,,,
AT1402,East African mangroves,15100,136,1,N,at,14,,,,,,
AT1403,Guinean mangroves,22800,99,2,N,at,14,,,,,,
AT1404,Madagascar mangroves,5500,137,2,N,at,14,,,,,http://www.worldwildlife.org/wildplaces/mad/index.cfm,
AT1405,Southern Africa mangroves,1000,99,2,N,at,14,,,,,,
IM0101,Andaman Islands rain forests,5700,99,2,Y,im,1,,,,,,
IM0102,Borneo lowland rain forests,427500,31,2,Y,im,1,,,,,,
IM0103,Borneo montane rain forests,115600,31,3,Y,im,1,,,,,,
IM0104,Borneo peat swamp forests,67500,99,1,Y,im,1,,,,,,
IM0105,Brahmaputra Valley semi-evergreen forests,56700,99,1,Y,im,1,,,,,,
IM0106,Cardamom Mountains rain forests,44200,35,3,Y,im,1,,,,,http://www.worldwildlife.org/wildplaces/flm/index.cfm,
IM0107,Chao Phraya freshwater swamp forests,39000,99,1,Y,im,1,,,,,,
IM0108,Chao Phraya lowland moist deciduous forests,20400,99,1,Y,im,1,,,,,,
IM0109,Chin Hills-Arakan Yoma montane forests,29700,34,3,Y,im,1,,,,,,
IM0110,Christmas and Cocos Islands tropical forests,100,99,1,Y,im,1,,,,,,
IM0111,Eastern highlands moist deciduous forests,341100,33,1,Y,im,1,,,,,,
IM0112,Eastern Java-Bali montane rain forests,15900,99,1,Y,im,1,,,,,,
IM0113,Eastern Java-Bali rain forests,53900,99,1,Y,im,1,,,,,,
IM0114,Greater Negros-Panay rain forests,35000,27,1,Y,im,1,,,,,,
IM0115,Himalayan subtropical broadleaf forests,38200,99,1,Y,im,1,,,,,,
IM0116,Irrawaddy freshwater swamp forests,15200,99,1,Y,im,1,,,,,,
IM0117,Irrawaddy moist deciduous forests,138300,99,2,Y,im,1,,,,,,
IM0118,Jian Nan subtropical evergreen forests,663600,23,1,Y,im,1,,,,,,
IM0119,Kayah-Karen montane rain forests,119500,29,3,Y,im,1,,,,,,
IM0120,Lower Gangetic Plains moist deciduous forests,254100,99,1,Y,im,1,,,,,,
IM0121,Luang Prabang montane rain forests,71800,99,2,Y,im,1,,,,,,
IM0122,Luzon montane rain forests,8300,27,1,Y,im,1,,,,,,
IM0123,Luzon rain forests,95500,27,1,Y,im,1,,,,,,
IM0124,Malabar Coast moist forests,35500,99,1,Y,im,1,,,,,,
IM0125,Maldives-Lakshadweep-Chagos Archipelago tropical moist forests,300,99,1,Y,im,1,,,,,,
IM0126,Meghalaya subtropical forests,41700,34,2,Y,im,1,,,,,,
IM0127,Mentawai Islands rain forests,6500,99,1,Y,im,1,,,,,,
IM0128,Mindanao montane rain forests,18200,27,1,Y,im,1,,,,,,
IM0129,Mindanao-Eastern Visayas rain forests,105100,27,1,Y,im,1,,,,,,
IM0130,Mindoro rain forests,10100,27,1,Y,im,1,,,,,,
IM0131,Mizoram-Manipur-Kachin rain forests,135600,34,2,Y,im,1,,,,,,
IM0132,Myanmar coastal rain forests,66600,99,2,Y,im,1,,,,,,
IM0133,Nicobar Islands rain forests,1700,99,1,Y,im,1,,,,,,
IM0134,North Western Ghats moist deciduous forests,48200,99,1,Y,im,1,,,,,,
IM0135,North Western Ghats montane rain forests,30900,99,1,Y,im,1,,,,,,
IM0136,Northern Annamites rain forests,47200,25,3,Y,im,1,,,,,http://www.worldwildlife.org/wildplaces/flm/index.cfm,
IM0137,Northern Indochina subtropical forests,437000,22,2,Y,im,1,,,,,,
IM0138,Northern Khorat Plateau moist deciduous forests,16800,99,1,Y,im,1,,,,,,
IM0139,Northern Thailand-Laos moist deciduous forests,42100,99,2,Y,im,1,,,,,,
IM0140,Northern Triangle subtropical forests,53900,34,3,Y,im,1,,,,,,
IM0141,Northern Vietnam lowland rain forests,22600,99,1,Y,im,1,,,,,,
IM0142,Orissa semi-evergreen forests,22300,99,1,Y,im,1,,,,,,
IM0143,Palawan rain forests,14300,28,1,Y,im,1,,,,,,
IM0144,Peninsular Malaysian montane rain forests,17200,30,3,Y,im,1,,,,,,
IM0145,Peninsular Malaysian peat swamp forests,3600,99,1,Y,im,1,,,,,,
IM0146,Peninsular Malaysian rain forests,125500,30,2,Y,im,1,,,,,,
IM0147,Red River freshwater swamp forests,10800,99,1,Y,im,1,,,,,,
IM0148,South China Sea Islands,100,99,1,Y,im,1,,,,,,
IM0149,South China-Vietnam subtropical evergreen forests,224300,23,1,Y,im,1,,,,,,
IM0150,South Western Ghats moist deciduous forests,23800,20,1,Y,im,1,,,,,,
IM0151,South Western Ghats montane rain forests,22600,20,1,Y,im,1,,,,,,
IM0152,Southern Annamites montane rain forests,46500,25,2,Y,im,1,,,,,http://www.worldwildlife.org/wildplaces/flm/index.cfm,
IM0153,Southwest Borneo freshwater swamp forests,36800,99,1,Y,im,1,,,,,,
IM0154,Sri Lanka lowland rain forests,12600,21,1,Y,im,1,,,,,,
IM0155,Sri Lanka montane rain forests,3100,21,1,Y,im,1,,,,,,
IM0156,Sulu Archipelago rain forests,2300,99,1,Y,im,1,,,,,,
IM0157,Sumatran freshwater swamp forests,18100,99,1,Y,im,1,,,,,,
IM0158,Sumatran lowland rain forests,259500,26,1,Y,im,1,,,,,,
IM0159,Sumatran montane rain forests,72900,26,3,Y,im,1,,,,,,
IM0160,Sumatran peat swamp forests,87500,99,1,Y,im,1,,,,,,
IM0161,Sundaland heath forests,76600,99,2,Y,im,1,,,,,,
IM0162,Sundarbans freshwater swamp forests,14600,99,1,Y,im,1,,,,,,
IM0163,Tenasserim-South Thailand semi-evergreen rain forests,97300,29,3,Y,im,1,,,,,,
IM0164,Tonle Sap freshwater swamp forests,26000,99,2,Y,im,1,,,,,,
IM0165,Tonle Sap-Mekong peat swamp forests,29400,99,1,Y,im,1,,,,,,
IM0166,Upper Gangetic Plains moist deciduous forests,263100,99,1,Y,im,1,,,,,,
IM0167,Western Java montane rain forests,26300,36,1,Y,im,1,,,,,,
IM0168,Western Java rain forests,41700,99,1,Y,im,1,,,,,,
IM0169,Hainan Island monsoon rain forests,15500,23,1,Y,im,1,,,,,,
IM0170,Nansei Islands subtropical evergreen forests,4100,32,1,Y,im,1,,,,,,
IM0171,South Taiwan monsoon rain forests,2600,24,1,Y,im,1,,,,,,
IM0172,Taiwan subtropical evergreen forests,33400,24,2,Y,im,1,,,,,,
IM0201,Central Deccan Plateau dry deciduous forests,240200,99,1,Y,im,2,,,,,,
IM0202,Central Indochina dry forests,320100,54,2,Y,im,2,,,,,http://www.worldwildlife.org/wildplaces/flm/index.cfm,
IM0203,Chhota-Nagpur dry deciduous forests,122400,55,1,Y,im,2,,,,,,
IM0204,East Deccan dry-evergreen forests,25500,99,1,Y,im,2,,,,,,
IM0205,Irrawaddy dry forests,35100,99,1,Y,im,2,,,,,,
IM0206,Khathiar-Gir dry deciduous forests,267000,99,1,Y,im,2,,,,,,
IM0207,Narmada Valley dry deciduous forests,169900,99,1,Y,im,2,,,,,,
IM0208,Northern dry deciduous forests,58300,99,1,Y,im,2,,,,,,
IM0209,South Deccan Plateau dry deciduous forests,82300,99,1,Y,im,2,,,,,,
IM0210,Southeastern Indochina dry evergreen forests,124300,54,1,Y,im,2,,,,,http://www.worldwildlife.org/wildplaces/flm/index.cfm,
IM0211,Southern Vietnam lowland dry forests,35000,99,1,Y,im,2,,,,,,
IM0212,Sri Lanka dry-zone dry evergreen forests,48400,99,2,Y,im,2,,,,,,
IM0301,Himalayan subtropical pine forests,76200,99,2,Y,im,3,,,,,,
IM0302,Luzon tropical pine forests,7100,27,1,Y,im,3,,,,,,
IM0303,Northeast India-Myanmar pine forests,9700,34,1,Y,im,3,,,,,,
IM0304,Sumatran tropical pine forests,2800,26,2,Y,im,3,,,,,,
IM0401,Eastern Himalayan broadleaf forests,83100,67,3,Y,im,4,,,,,http://www.worldwildlife.org/wildplaces/him/index.cfm,
IM0402,Northern Triangle temperate forests,10700,67,3,Y,im,4,,,,,http://www.worldwildlife.org/wildplaces/him/index.cfm,
IM0403,Western Himalayan broadleaf forests,55900,68,1,Y,im,4,,,,,,
IM0501,Eastern Himalayan subalpine conifer forests,27500,67,2,Y,im,5,,,,,http://www.worldwildlife.org/wildplaces/him/index.cfm,
IM0502,Western Himalayan subalpine conifer forests,39700,68,2,Y,im,5,,,,,,
IM0701,Terai-Duar savanna and grasslands,34600,91,1,Y,im,7,,,,,,
IM0901,Rann of Kutch seasonal salt marsh,27900,99,3,Y,im,9,,,,,,
IM1001,Kinabalu montane alpine meadows,4300,107,3,Y,im,10,,,,,,
IM1301,Deccan thorn scrub forests,340300,99,1,Y,im,13,,,,,,
IM1302,Indus Valley desert,19500,99,2,Y,im,13,,,,,,
IM1303,Northwestern thorn scrub forests,488300,99,1,Y,im,13,,,,,,
IM1304,Thar desert,238700,99,2,Y,im,13,,,,,,
IM1401,Goadavari-Krishna mangroves,7000,99,1,N,im,14,,,,,,
IM1402,Indochina mangroves,26900,99,1,N,im,14,,,,,,
IM1403,Indus River Delta-Arabian Sea mangroves,5800,99,1,N,im,14,,,,,,
IM1404,Myanmar Coast mangroves,21300,99,1,N,im,14,,,,,,
IM1405,Sunda Shelf mangroves,37400,140,1,N,im,14,,,,,,
IM1406,Sundarbans mangroves,20400,139,1,N,im,14,,,,,,
NA0201,Sonoran-Sinaloan transition subtropical dry forest,51000,56,1,Y,na,2,,,,,,
NA0301,Bermuda subtropical conifer forests,100,99,1,Y,na,3,,,,,,
NA0302,Sierra Madre Occidental pine-oak forests,222700,61,1,Y,na,3,,,,,,
NA0303,Sierra Madre Oriental pine-oak forests,65600,61,1,Y,na,3,,,,,,
NA0401,Allegheny Highlands forests,83900,99,1,Y,na,4,,,,,,
NA0402,Appalachian mixed mesophytic forests,192200,69,1,Y,na,4,,,,,,
NA0403,Appalachian-Blue Ridge forests,159300,69,2,Y,na,4,,,,,,
NA0404,Central U.S. hardwood forests,296000,99,1,Y,na,4,,,,,,
NA0405,East Central Texas forests,52600,99,1,Y,na,4,,,,,,
NA0406,Eastern forest-boreal transition,347700,99,2,Y,na,4,,,,,,
NA0407,Eastern Great Lakes lowland forests,116400,99,1,Y,na,4,,,,,,
NA0408,Gulf of St. Lawrence lowland forests,39400,99,1,Y,na,4,,,,,,
NA0409,Mississippi lowland forests,112300,99,1,Y,na,4,,,,,,
NA0410,New England-Acadian forests,237600,99,1,Y,na,4,,,,,,
NA0411,Northeastern coastal forests,89600,99,1,Y,na,4,,,,,,
NA0412,Ozark Mountain forests,62000,99,1,Y,na,4,,,,,,
NA0413,Southeastern mixed forests,347800,75,1,Y,na,4,,,,,,
NA0414,Southern Great Lakes forests,244500,99,1,Y,na,4,,,,,,
NA0415,Upper Midwest forest-savanna transition,166100,99,1,Y,na,4,,,,,,
NA0416,Western Great Lakes forests,274000,99,3,Y,na,4,,,,,,
NA0417,Willamette Valley forests,14900,99,1,Y,na,4,,,,,,
NA0501,Alberta Mountain forests,39800,99,3,Y,na,5,,,,,,
NA0502,Alberta-British Columbia foothills forests,120500,99,1,Y,na,5,,,,,,
NA0503,Arizona Mountains forests,109100,99,3,Y,na,5,,,,,,
NA0504,Atlantic coastal pine barrens,9000,99,3,Y,na,5,,,,,,
NA0505,Blue Mountains forests,64700,99,1,Y,na,5,,,,,,
NA0506,British Columbia mainland coastal forests,137200,72,1,Y,na,5,,,,,,
NA0507,Cascade Mountains leeward forests,46300,99,3,Y,na,5,,,,,,
NA0508,Central and Southern Cascades forests,44900,99,2,Y,na,5,,,,,,
NA0509,Central British Columbia Mountain forests,71700,99,2,Y,na,5,,,,,,
NA0510,Central Pacific coastal forests,73700,72,1,Y,na,5,,,,,,
NA0511,Colorado Rockies forests,132700,99,3,Y,na,5,,,,,,
NA0512,Eastern Cascades forests,55200,99,1,Y,na,5,,,,,,
NA0513,Florida sand pine scrub,3900,99,1,Y,na,5,,,,,,
NA0514,Fraser Plateau and Basin complex,137100,99,1,Y,na,5,,,,,,
NA0515,Great Basin montane forests,5800,99,2,Y,na,5,,,,,,
NA0516,Klamath-Siskiyou forests,50300,73,1,Y,na,5,,,,,http://www.worldwildlife.org/wildplaces/kla/index.cfm,
NA0517,Middle Atlantic coastal forests,133600,99,1,Y,na,5,,,,,,
NA0518,North Central Rockies forests,245700,99,2,Y,na,5,,,,,,
NA0519,Northern California coastal forests,13300,72,1,Y,na,5,,,,,,
NA0520,Northern Pacific coastal forests,60400,72,3,Y,na,5,,,,,,
NA0521,Northern transitional alpine forests,25700,99,2,Y,na,5,,,,,,
NA0522,Okanagan dry forests,53300,99,1,Y,na,5,,,,,,
NA0523,Piney Woods forests,140900,99,1,Y,na,5,,,,,,
NA0524,Puget lowland forests,22500,99,1,Y,na,5,,,,,,
NA0525,Queen Charlotte Islands,10000,72,2,Y,na,5,,,,,,
NA0526,Sierra Juarez and San Pedro Martir pine-oak forests,4000,99,2,Y,na,5,,,,,,
NA0527,Sierra Nevada forests,52800,74,1,Y,na,5,,,,,,
NA0528,South Central Rockies forests,159300,99,2,Y,na,5,,,,,,
NA0529,Southeastern conifer forests,236600,75,1,Y,na,5,,,,,,
NA0530,Wasatch and Uinta montane forests,41500,99,1,Y,na,5,,,,,,
NA0601,Alaska Peninsula montane taiga,47800,99,3,Y,na,6,,,,,,
NA0602,Central Canadian Shield forests,461700,99,2,Y,na,6,,,,,,
NA0603,Cook Inlet taiga,27800,99,3,Y,na,6,,,,,,
NA0604,Copper Plateau taiga,17200,99,3,Y,na,6,,,,,,
NA0605,Eastern Canadian forests,486900,99,1,Y,na,6,,,,,,
NA0606,Eastern Canadian Shield taiga,753800,82,3,Y,na,6,,,,,,
NA0607,Interior Alaska-Yukon lowland taiga,443300,99,3,Y,na,6,,,,,,
NA0608,Mid-Continental Canadian forests,367900,99,2,Y,na,6,,,,,,
NA0609,Midwestern Canadian Shield forests,545900,99,2,Y,na,6,,,,,,
NA0610,Muskwa-Slave Lake forests,262300,81,3,Y,na,6,,,,,,
NA0611,Newfoundland Highland forests,16300,99,3,Y,na,6,,,,,,
NA0612,Northern Canadian Shield taiga,613700,82,3,Y,na,6,,,,,,
NA0613,Northern Cordillera forests,262800,81,2,Y,na,6,,,,,,
NA0614,Northwest Territories taiga,345800,82,3,Y,na,6,,,,,,
NA0615,South Avalon-Burin oceanic barrens,2000,99,3,Y,na,6,,,,,,
NA0616,Southern Hudson Bay taiga,373700,99,3,Y,na,6,,,,,,
NA0617,Yukon Interior dry forests,62400,99,2,Y,na,6,,,,,,
NA0701,Western Gulf Coastal grasslands,80600,99,1,Y,na,7,,,,,,
NA0801,California Central Valley grasslands,55100,99,1,Y,na,8,,,,,,
NA0802,Canadian Aspen forests and parklands,397400,99,1,Y,na,8,,,,,,
NA0803,Central and Southern mixed grasslands,282100,99,1,Y,na,8,,,,,,
NA0804,Central forest-grasslands transition,407000,99,1,Y,na,8,,,,,,
NA0805,Central tall grasslands,248400,99,1,Y,na,8,,,,,,
NA0806,Edwards Plateau savanna,61800,99,1,Y,na,8,,,,,,
NA0807,Flint Hills tall grasslands,29600,99,2,Y,na,8,,,,,,
NA0808,Montana Valley and Foothill grasslands,81700,99,1,Y,na,8,,,,,,
NA0809,Nebraska Sand Hills mixed grasslands,61100,94,3,Y,na,8,,,,,http://www.worldwildlife.org/wildplaces/negp/index.cfm,
NA0810,Northern mixed grasslands,218900,99,1,Y,na,8,,,,,,
NA0811,Northern short grasslands,638400,94,1,Y,na,8,,,,,http://www.worldwildlife.org/wildplaces/negp/index.cfm,
NA0812,Northern tall grasslands,76000,99,1,Y,na,8,,,,,,
NA0813,Palouse grasslands,46900,99,1,Y,na,8,,,,,,
NA0814,Texas blackland prairies,50300,99,1,Y,na,8,,,,,,
NA0815,Western short grasslands,435200,99,1,Y,na,8,,,,,,
NA1101,Alaska-St. Elias Range tundra,151800,99,3,Y,na,11,,,,,,
NA1102,Aleutian Islands tundra,5500,99,3,Y,na,11,,,,,,
NA1103,Arctic coastal tundra,98200,113,3,Y,na,11,,,,,,
NA1104,Arctic foothills tundra,129100,113,3,Y,na,11,,,,,,
NA1105,Baffin coastal tundra,9100,99,3,Y,na,11,,,,,,
NA1106,Beringia lowland tundra,150900,99,3,Y,na,11,,,,,,
NA1107,Beringia upland tundra,97300,99,3,Y,na,11,,,,,,
NA1108,Brooks-British Range tundra,159500,99,3,Y,na,11,,,,,,
NA1109,Davis Highlands tundra,87900,99,3,Y,na,11,,,,,,
NA1110,High Arctic tundra,463700,99,3,Y,na,11,,,,,,
NA1111,Interior Yukon-Alaska alpine tundra,232600,99,3,Y,na,11,,,,,,
NA1112,Kalaallit Nunaat high arctic tundra,303600,99,3,Y,na,11,,,,,,
NA1113,Kalaallit Nunaat low arctic tundra,171000,99,3,Y,na,11,,,,,,
NA1114,Low Arctic tundra,796500,114,3,Y,na,11,,,,,,
NA1115,Middle Arctic tundra,1032800,99,3,Y,na,11,,,,,,
NA1116,Ogilvie-MacKenzie alpine tundra,208400,99,3,Y,na,11,,,,,,
NA1117,Pacific Coastal Mountain icefields and tundra,106800,99,3,Y,na,11,,,,,,
NA1118,Torngat Mountain tundra,32300,99,3,Y,na,11,,,,,,
NA1201,California coastal sage and chaparral,36300,121,1,Y,na,12,,,,,,
NA1202,California interior chaparral and woodlands,64600,121,2,Y,na,12,,,,,,
NA1203,California montane chaparral and woodlands,20400,121,2,Y,na,12,,,,,,
NA1301,Baja California desert,77700,130,3,Y,na,13,,,,,,
NA1302,Central Mexican matorral,59400,99,1,Y,na,13,,,,,,
NA1303,Chihuahuan desert,509500,131,2,Y,na,13,,,,,http://www.worldwildlife.org/wildplaces/cd/index.cfm,
NA1304,Colorado Plateau shrublands,326400,99,3,Y,na,13,,,,,,
NA1305,Great Basin shrub steppe,335900,99,3,Y,na,13,,,,,,
NA1306,Gulf of California xeric scrub,23600,130,2,Y,na,13,,,,,,
NA1307,Meseta Central matorral,125300,131,2,Y,na,13,,,,,http://www.worldwildlife.org/wildplaces/cd/index.cfm,
NA1308,Mojave desert,130600,99,3,Y,na,13,,,,,,
NA1309,Snake-Columbia shrub steppe,218100,99,1,Y,na,13,,,,,,
NA1310,Sonoran desert,223000,130,3,Y,na,13,,,,,,
NA1311,Tamaulipan matorral,16300,99,1,Y,na,13,,,,,,
NA1312,Tamaulipan mezquital,141500,99,1,Y,na,13,,,,,,
NA1313,Wyoming Basin shrub steppe,132400,99,2,Y,na,13,,,,,,
NT0101,Araucaria moist forests,216100,48,1,Y,nt,1,,,,,,
NT0102,Atlantic Coast restingas,7900,48,1,Y,nt,1,,,,,,
NT0103,Bahia coastal forests,109700,48,1,Y,nt,1,,,,,,
NT0104,Bahia interior forests,230000,48,1,Y,nt,1,,,,,,
NT0105,Bolivian Yungas,90500,46,2,Y,nt,1,,,,,,
NT0106,Caatinga Enclaves moist forests,4800,48,1,N,nt,1,,,,,,
NT0107,Caqueta moist forests,184200,44,3,Y,nt,1,,,,,,
NT0108,Catatumbo moist forests,8100,99,1,Y,nt,1,,,,,,
NT0109,Cauca Valley montane forests,32100,40,1,Y,nt,1,,,,,,
NT0110,Cayos Miskitos-San AndrΘs and Providencia moist forests,100,99,1,Y,nt,1,,,,,,Cayos Miskitos-San Andres and Providencia moist forests
NT0111,Central American Atlantic moist forests,89500,99,2,Y,nt,1,,,,,,
NT0112,Central American montane forests,13300,63,2,Y,nt,1,,,,,,
NT0113,Chiapas montane forests,5800,99,1,Y,nt,1,,,,,,
NT0114,Chimalapas montane forests,2100,63,3,Y,nt,1,,,,,,
NT0115,Choc≤-DariΘn moist forests,73600,39,3,Y,nt,1,,,,,,Choco-Darien moist forests
NT0116,Cocos Island moist forests,100,99,3,Y,nt,1,,,,,,
NT0117,Cordillera La Costa montane forests,14300,41,2,Y,nt,1,,,,,,
NT0118,Cordillera Oriental montane forests,67900,40,2,Y,nt,1,,,,,,
NT0119,Costa Rican seasonal moist forests,10700,99,1,Y,nt,1,,,,,,
NT0120,Cuban moist forests,21400,37,2,Y,nt,1,,,,,,
NT0121,Eastern Cordillera real montane forests,102500,40,2,Y,nt,1,,,,,,
NT0122,Eastern Panamanian montane forests,3000,39,3,Y,nt,1,,,,,,
NT0123,Fernando de Noronha-Atol das Rocas moist forests,100,99,1,Y,nt,1,,,,,,
NT0124,Guianan Highlands moist forests,337600,45,3,Y,nt,1,,,,,,
NT0125,Guianan moist forests,512900,42,3,Y,nt,1,,,,,,
NT0126,Gurupa varzea,9900,147,1,Y,nt,1,,,,,,
NT0127,Hispaniolan moist forests,46000,37,1,Y,nt,1,,,,,,
NT0128,Iquitos varzea,115000,147,2,Y,nt,1,,,,,,
NT0129,Isthmian-Atlantic moist forests,58900,99,2,Y,nt,1,,,,,,
NT0130,Isthmian-Pacific moist forests,29300,99,1,Y,nt,1,,,,,,
NT0131,Jamaican moist forests,8300,37,1,Y,nt,1,,,,,,
NT0132,Japurß-Solimoes-Negro moist forests,269700,44,3,Y,nt,1,,,,,http://www.worldwildlife.org/wildplaces/amazon/index.cfm,Japura-Solimoes-Negro moist forests
NT0133,Juruß-Purus moist forests,242600,47,3,Y,nt,1,,,,,http://www.worldwildlife.org/wildplaces/amazon/index.cfm,Jurua-Purus moist forests
NT0134,Leeward Islands moist forests,1000,99,1,Y,nt,1,,,,,,
NT0135,Madeira-Tapaj≤s moist forests,719700,47,2,Y,nt,1,,,,,http://www.worldwildlife.org/wildplaces/amazon/index.cfm,Madeira-Tapajos moist forests
NT0136,Magdalena Valley montane forests,105100,40,1,Y,nt,1,,,,,,
NT0137,Magdalena-Urabß moist forests,76800,39,1,Y,nt,1,,,,,,Magdalena-Uraba moist forests
NT0138,Maraj≤ varzea,88700,147,2,Y,nt,1,,,,,,Marajo varzea
NT0139,Maranhao Babaτu forests,142300,99,1,Y,nt,1,,,,,,Maranhao Babacu forests
NT0140,Mato Grosso seasonal forests,414000,99,2,Y,nt,1,,,,,http://www.worldwildlife.org/wildplaces/amazon/index.cfm,
NT0141,Monte Alegre varzea,66800,147,1,Y,nt,1,,,,,http://www.worldwildlife.org/wildplaces/amazon/index.cfm,
NT0142,Napo moist forests,251700,43,2,Y,nt,1,,,,,,
NT0143,Negro-Branco moist forests,212900,44,2,Y,nt,1,,,,,,
NT0144,Northeastern Brazil restingas,10100,99,1,Y,nt,1,,,,,,
NT0145,Northwestern Andean montane forests,81200,40,2,Y,nt,1,,,,,,
NT0146,Oaxacan montane forests,7600,99,1,Y,nt,1,,,,,,
NT0147,Orinoco Delta swamp forests,28100,42,3,Y,nt,1,,,,,,
NT0148,Pantanos de Centla,17200,99,1,Y,nt,1,,,,,,
NT0149,Guianan Freshwater swamp forests,7700,42,2,Y,nt,1,,,,,,
NT0150,Alto Paranß Atlantic forests,483800,48,1,Y,nt,1,,,,,,Alto Parana Atlantic forests
NT0151,Pernambuco coastal forests,17600,48,1,Y,nt,1,,,,,,
NT0152,Pernambuco interior forests,22700,48,1,Y,nt,1,,,,,,
NT0153,Peruvian Yungas,186700,46,1,Y,nt,1,,,,,,
NT0154,PetΘn-Veracruz moist forests,149100,99,1,Y,nt,1,,,,,,Peten-Veracruz moist forests
NT0155,Puerto Rican moist forests,7500,37,2,Y,nt,1,,,,,,
NT0156,Purus varzea,177500,147,1,Y,nt,1,,,,,http://www.worldwildlife.org/wildplaces/amazon/index.cfm,
NT0157,Purus-Madeira moist forests,174000,47,3,Y,nt,1,,,,,http://www.worldwildlife.org/wildplaces/amazon/index.cfm,
NT0158,Rio Negro campinarana,80900,147,3,Y,nt,1,,,,,http://www.worldwildlife.org/wildplaces/amazon/index.cfm,
NT0159,Santa Marta montane forests,4800,40,2,Y,nt,1,,,,,,
NT0160,Serra do Mar coastal forests,104800,48,1,Y,nt,1,,,,,,
NT0161,Sierra de los Tuxtlas,3900,99,1,Y,nt,1,,,,,,
NT0162,Sierra Madre de Chiapas moist forest,11300,99,1,Y,nt,1,,,,,,
NT0163,Solimoes-Japurß moist forest,167700,44,3,Y,nt,1,,,,,http://www.worldwildlife.org/wildplaces/amazon/index.cfm,Solimoes-Japura moist forest
NT0164,South Florida rocklands,2100,99,1,Y,nt,1,,,,,,
NT0165,Southern Andean Yungas,61100,46,2,Y,nt,1,,,,,,
NT0166,Southwest Amazon moist forests,749700,47,3,Y,nt,1,,,,,http://www.worldwildlife.org/wildplaces/amazon/index.cfm,
NT0167,Talamancan montane forests,16300,38,3,Y,nt,1,,,,,,
NT0168,Tapaj≤s-Xingu moist forests,336600,99,2,Y,nt,1,,,,,http://www.worldwildlife.org/wildplaces/amazon/index.cfm,Tapajos-Xingu moist forests
NT0169,Pantepuis,48800,45,3,Y,nt,1,,,,,,
NT0170,Tocantins/Pindare moist forests,193600,99,1,Y,nt,1,,,,,,
NT0171,Trinidad and Tobago moist forests,4700,99,2,Y,nt,1,,,,,,
NT0172,Trindade-Martin Vaz Islands tropical forests,100,99,1,N,nt,1,,,,,,
NT0173,Uatuma-Trombetas moist forests,473100,99,3,Y,nt,1,,,,,http://www.worldwildlife.org/wildplaces/amazon/index.cfm,
NT0174,Ucayali moist forests,114900,43,2,Y,nt,1,,,,,,
NT0175,Venezuelan Andes montane forests,29400,40,2,Y,nt,1,,,,,,
NT0176,Veracruz moist forests,69100,99,1,Y,nt,1,,,,,,
NT0177,Veracruz montane forests,5000,99,1,Y,nt,1,,,,,,
NT0178,Western Ecuador moist forests,34100,39,1,Y,nt,1,,,,,,
NT0179,Windward Islands moist forests,2000,99,1,Y,nt,1,,,,,,
NT0180,Xingu-Tocantins-Araguaia moist forests,266200,99,2,Y,nt,1,,,,,,
NT0181,Yucatßn moist forests,69700,99,2,Y,nt,1,,,,,,Yucatan moist forests
NT0182,Guianan piedmont and lowland moist forests,,99,,N,nt,1,,,,,,
NT0201,Apure-Villavicencio dry forests,68500,99,2,Y,nt,2,,,,,,
NT0202,Atlantic dry forests,115100,59,2,Y,nt,2,,,,,,
NT0204,Bajφo dry forests,37400,56,1,Y,nt,2,,,,,,Bajio dry forests
NT0205,Balsas dry forests,62400,56,1,Y,nt,2,,,,,,
NT0206,Bolivian montane dry forests,80300,99,1,Y,nt,2,,,,,,
NT0207,Cauca Valley dry forests,7300,57,1,Y,nt,2,,,,,,
NT0209,Central American dry forests,68000,99,1,Y,nt,2,,,,,,
NT0210,Dry Chaco,609600,99,2,Y,nt,2,,,,,,
NT0211,Chiapas Depression dry forests,14000,56,1,Y,nt,2,,,,,,
NT0212,Chiquitano dry forests,230600,58,1,Y,nt,2,,,,,,
NT0213,Cuban dry forests,65800,99,1,Y,nt,2,,,,,,
NT0214,Ecuadorian dry forests,21300,57,1,Y,nt,2,,,,,,
NT0215,Hispaniolan dry forests,15500,99,1,Y,nt,2,,,,,,
NT0216,Islas Revillagigedo dry forests,200,99,1,Y,nt,2,,,,,,
NT0217,Jalisco dry forests,26100,56,1,Y,nt,2,,,,,,
NT0218,Jamaican dry forests,2300,99,1,Y,nt,2,,,,,,
NT0219,Lara-Falc≤n dry forests,16900,99,1,Y,nt,2,,,,,,Lara-Falcon dry forests
NT0220,Lesser Antillean dry forests,100,99,1,Y,nt,2,,,,,,
NT0221,Magdalena Valley dry forests,19600,57,1,Y,nt,2,,,,,,
NT0222,Maracaibo dry forests,45000,99,1,Y,nt,2,,,,,,
NT0223,Mara±≤n dry forests,11400,57,1,Y,nt,2,,,,,,Maranon dry forests
NT0224,Panamanian dry forests,5100,99,1,Y,nt,2,,,,,,
NT0225,Patφa Valley dry forests,2300,57,1,Y,nt,2,,,,,,Patia Valley dry forests
NT0226,Puerto Rican dry forests,1300,99,1,Y,nt,2,,,,,,
NT0227,Sierra de la Laguna dry forests,4000,56,2,Y,nt,2,,,,,,
NT0228,Sinaloan dry forests,77500,56,1,Y,nt,2,,,,,,
NT0229,Sin· Valley dry forests,25000,99,1,Y,nt,2,,,,,,Sinu Valley dry forests
NT0230,Southern Pacific dry forests,42400,56,1,Y,nt,2,,,,,,
NT0232,Tumbes-Piura dry forests,41300,57,1,Y,nt,2,,,,,,
NT0233,Veracruz dry forests,6600,99,1,Y,nt,2,,,,,,
NT0235,Yucatßn dry forests,49800,99,1,Y,nt,2,,,,,,Yucatan dry forests
NT0301,Bahamian pine mosaic,2100,99,1,Y,nt,3,,,,,,
NT0302,Belizean pine forests,2800,99,1,Y,nt,3,,,,,,
NT0303,Central American pine-oak forests,111400,63,1,Y,nt,3,,,,,,
NT0304,Cuban pine forests,6400,62,1,Y,nt,3,,,,,,
NT0305,Hispaniolan pine forests,11600,62,1,Y,nt,3,,,,,,
NT0306,Miskito pine forests,18900,99,2,N,nt,3,,,,,,
NT0307,Sierra de la Laguna pine-oak forests,1100,61,2,Y,nt,3,,,,,,
NT0308,Sierra Madre de Oaxaca pine-oak forests,14300,63,1,Y,nt,3,,,,,,
NT0309,Sierra Madre del Sur pine-oak forests,61200,63,1,Y,nt,3,,,,,,
NT0310,Trans-Mexican Volcanic Belt pine-oak forests,91800,63,1,Y,nt,3,,,,,,
NT0401,Juan Fernßndez Islands temperate forests,100,76,1,Y,nt,4,,,,,,Juan Fernandez Islands temperate forests
NT0402,Magellanic subpolar forests,147200,99,3,Y,nt,4,,,,,,
NT0403,San FΘlix-San Ambrosio Islands temperate forests,100,99,1,N,nt,4,,,,,,San Felix-San Ambrosio Islands temperate forests
NT0404,Valdivian temperate forests,248100,76,1,Y,nt,4,,,,,,
NT0702,Beni savanna,126100,99,1,Y,nt,7,,,,,,
NT0703,Campos Rupestres montane savanna,26400,48,3,Y,nt,7,,,,,,
NT0704,Cerrado,1916900,93,2,Y,nt,7,,,,,,
NT0705,Clipperton Island shrub and grasslands,100,99,1,Y,nt,7,,,,,,
NT0707,Guianan savanna,104400,99,2,Y,nt,7,,,,,,
NT0708,Humid Chaco,334800,99,2,Y,nt,7,,,,,,
NT0709,Llanos,389000,92,2,Y,nt,7,,,,,,
NT0710,Uruguayan savanna,355700,99,1,Y,nt,7,,,,,,
NT0801,Espinal,108800,99,1,Y,nt,8,,,,,,
NT0802,Low Monte,409000,99,2,Y,nt,8,,,,,,
NT0803,Humid Pampas,240800,99,1,Y,nt,8,,,,,,
NT0805,Patagonian steppe,487200,95,1,Y,nt,8,,,,,,
NT0902,Cuban wetlands,5700,99,1,Y,nt,9,,,,,,
NT0903,Enriquillo wetlands,600,99,2,Y,nt,9,,,,,,
NT0904,Everglades,20100,100,2,Y,nt,9,,,,,http://www.worldwildlife.org/wildplaces/sfla/index.cfm,
NT0905,Guayaquil flooded grasslands,2900,99,1,Y,nt,9,,,,,,
NT0906,Orinoco wetlands,6000,99,3,Y,nt,9,,,,,,
NT0907,Pantanal,171100,101,1,Y,nt,9,,,,,,
NT0908,Paranß flooded savanna,38900,99,1,Y,nt,9,,,,,,Parana flooded savanna
NT0909,Southern Cone Mesopotamian savanna,77600,99,2,Y,nt,9,,,,,,
NT1001,Central Andean dry puna,307400,109,3,Y,nt,10,,,,,,
NT1002,Central Andean puna,161400,99,2,Y,nt,10,,,,,,
NT1003,Central Andean wet puna,117300,99,2,Y,nt,10,,,,,,
NT1004,Cordillera Central pßramo,12200,108,3,Y,nt,10,,,,,,Cordillera Central paramo
NT1005,Cordillera de Merida pßramo,2800,108,3,Y,nt,10,,,,,,Cordillera de Merida paramo
NT1006,Northern Andean pßramo,30000,108,3,Y,nt,10,,,,,,Northern Andean paramo
NT1007,Santa Marta pßramo,1200,108,3,Y,nt,10,,,,,,Santa Marta paramo
NT1008,Southern Andean steppe,178200,99,3,Y,nt,10,,,,,,
NT1010,High Monte,,99,,Y,nt,,,,,,,
NT1201,Chilean matorral,148500,122,1,Y,nt,12,,,,,,
NT1301,Araya and Paria xeric scrub,5300,99,1,Y,nt,13,,,,,,
NT1303,Atacama desert,105200,133,2,Y,nt,13,,,,,,
NT1304,Caatinga,734400,99,2,Y,nt,13,,,,,,
NT1305,Caribbean shrublands,100,99,1,Y,nt,13,,,,,,
NT1306,Cuban cactus scrub,3300,99,2,Y,nt,13,,,,,,
NT1307,Galßpagos Islands scrubland mosaic,8000,132,1,Y,nt,13,,,,,,Galapagos Islands scrubland mosaic
NT1308,Guajira-Barranquilla xeric scrub,31600,99,1,Y,nt,13,,,,,,
NT1309,La Costa xeric shrublands,68500,99,1,Y,nt,13,,,,,,
NT1311,Malpelo Island xeric scrub,100,99,3,Y,nt,13,,,,,,
NT1312,Motagua Valley thornscrub,2300,99,1,Y,nt,13,,,,,,
NT1313,Paraguana xeric scrub,16000,99,1,Y,nt,13,,,,,,
NT1314,San Lucan xeric scrub,3900,130,2,Y,nt,13,,,,,,
NT1315,Sechura desert,184900,133,2,Y,nt,13,,,,,,
NT1316,Tehuacßn Valley matorral,9900,131,1,Y,nt,13,,,,,,Tehuacan Valley matorral
NT1318,St. Peter and St. Paul rocks,100,99,3,N,nt,13,,,,,,
NT1401,Amazon-Orinoco-Southern Caribbean mangroves,4500,99,2,N,nt,14,,,,,,
NT1402,Bahamoan-Antillean mangroves,1600,141,3,N,nt,14,,,,,,
NT1403,Mesoamerican Gulf-Caribbean mangroves,6600,99,2,N,nt,14,,,,,,
NT1404,Northern Mesoamerican Pacific mangroves,2100,48,1,N,nt,14,,,,,,
NT1405,South American Pacific mangroves,2800,99,2,N,nt,14,,,,,,
NT1406,Southern Atlantic mangroves,200,99,2,N,nt,14,,,,,,
NT1407,Southern Mesoamerican Pacific mangroves,500,99,2,N,nt,14,,,,,,
OC0101,Carolines tropical moist forests,600,99,1,Y,oc,1,,,,,,
OC0102,Central Polynesian tropical moist forests,600,99,1,Y,oc,1,,,,,,
OC0103,Cook Islands tropical moist forests,200,49,1,Y,oc,1,,,,,,
OC0104,Eastern Micronesia tropical moist forests,500,99,1,Y,oc,1,,,,,,
OC0105,Fiji tropical moist forests,11600,49,1,Y,oc,1,,,,,,
OC0106,Hawaii tropical moist forests,6700,50,1,Y,oc,1,,,,,,
OC0107,Kermadec Islands subtropical moist forests,100,99,1,Y,oc,1,,,,,,
OC0108,Marquesas tropical moist forests,1100,49,1,Y,oc,1,,,,,,
OC0109,Ogasawara subtropical moist forests,100,99,1,Y,oc,1,,,,,,
OC0110,Palau tropical moist forests,500,99,2,Y,oc,1,,,,,,
OC0111,Rapa Nui subtropical broadleaf forests,200,99,1,Y,oc,1,,,,,,
OC0112,Samoan tropical moist forests,3100,49,1,Y,oc,1,,,,,,
OC0113,Society Islands tropical moist forests,1600,49,1,Y,oc,1,,,,,,
OC0114,Tongan tropical moist forests,900,49,1,Y,oc,1,,,,,,
OC0115,Tuamotu tropical moist forests,900,49,1,Y,oc,1,,,,,,
OC0116,Tubuai tropical moist forests,100,49,1,Y,oc,1,,,,,,
OC0117,Western Polynesian tropical moist forests,100,99,1,Y,oc,1,,,,,,
OC0201,Fiji tropical dry forests,6900,49,1,Y,oc,2,,,,,,
OC0202,Hawaii tropical dry forests,6600,60,1,Y,oc,2,,,,,,
OC0203,Marianas tropical dry forests,1000,99,1,Y,oc,2,,,,,,
OC0204,Yap tropical dry forests,100,99,1,Y,oc,2,,,,,,
OC0701,Hawaii tropical high shrublands,1900,60,2,Y,oc,7,,,,,,
OC0702,Hawaii tropical low shrublands,1500,60,1,Y,oc,7,,,,,,
OC0703,Northwestern Hawaii scrub,100,99,2,Y,oc,7,,,,,,
PA0101,Guizhou Plateau broadleaf and mixed forests,269500,99,1,Y,pa,1,,,,,,
PA0102,Yunnan Plateau subtropical evergreen forests,240300,22,1,Y,pa,1,,,,,,
PA0401,Appenine deciduous montane forests,16100,77,1,Y,pa,4,,,,,,
PA0402,Atlantic mixed forests,399100,99,1,Y,pa,4,,,,,,
PA0403,Azores temperate mixed forests,2600,99,1,Y,pa,4,,,,,,
PA0404,Balkan mixed forests,224400,99,1,Y,pa,4,,,,,,
PA0405,Baltic mixed forests,116600,99,1,Y,pa,4,,,,,,
PA0406,Cantabrian mixed forests,79700,99,2,Y,pa,4,,,,,,
PA0407,Caspian Hyrcanian mixed forests,55100,78,1,Y,pa,4,,,,,,
PA0408,Caucasus mixed forests,170300,78,1,Y,pa,4,,,,,,
PA0409,Celtic broadleaf forests,209100,99,1,Y,pa,4,,,,,,
PA0410,Central Anatolian deciduous forests,101400,123,2,Y,pa,4,,,,,,
PA0411,Central China loess plateau mixed forests,359600,99,1,Y,pa,4,,,,,,
PA0412,Central European mixed forests,731200,99,1,Y,pa,4,,,,,,
PA0413,Central Korean deciduous forests,104600,99,1,Y,pa,4,,,,,,
PA0414,Changbai Mountains mixed forests,93300,99,1,Y,pa,4,,,,,,
PA0415,Changjiang Plain evergreen forests,438000,99,1,Y,pa,4,,,,,,
PA0416,Crimean Submediterranean forest complex,30100,77,1,Y,pa,4,,,,,,
PA0417,Daba Mountains evergreen forests,168300,70,1,Y,pa,4,,,,,http://www.worldwildlife.org/wildplaces/fuy/index.cfm,
PA0418,Dinaric Mountains mixed forests,58200,77,2,Y,pa,4,,,,,,
PA0419,East European forest steppe,727200,99,1,Y,pa,4,,,,,,
PA0420,Eastern Anatolian deciduous forests,81600,123,2,Y,pa,4,,,,,,
PA0421,English Lowlands beech forests,45600,99,1,Y,pa,4,,,,,,
PA0422,Euxine-Colchic broadleaf forests,74400,78,1,Y,pa,4,,,,,,
PA0423,Hokkaido deciduous forests,25500,99,2,Y,pa,4,,,,,,
PA0424,Huang He Plain mixed forests,434200,99,1,Y,pa,4,,,,,,
PA0425,Madeira evergreen forests,800,123,1,Y,pa,4,,,,,,
PA0426,Manchurian mixed forests,504000,99,1,Y,pa,4,,,,,,
PA0427,Nihonkai evergreen forests,21600,99,1,Y,pa,4,,,,,,
PA0428,Nihonkai montane deciduous forests,82300,99,1,Y,pa,4,,,,,,
PA0429,North Atlantic moist mixed forests,38700,99,2,Y,pa,4,,,,,,
PA0430,Northeast China Plain deciduous forests,232500,99,1,Y,pa,4,,,,,,
PA0431,Pannonian mixed forests,306900,99,1,Y,pa,4,,,,,,
PA0432,Po Basin mixed forests,42400,99,1,Y,pa,4,,,,,,
PA0433,Pyrenees conifer and mixed forests,25900,77,2,Y,pa,4,,,,,,
PA0434,Qin Ling Mountains deciduous forests,123300,70,1,Y,pa,4,,,,,http://www.worldwildlife.org/wildplaces/fuy/index.cfm,
PA0435,Rodope montane mixed forests,31600,77,1,Y,pa,4,,,,,,
PA0436,Sarmatic mixed forests,846100,99,1,Y,pa,4,,,,,,
PA0437,Sichuan Basin evergreen broadleaf forests,98100,70,1,Y,pa,4,,,,,http://www.worldwildlife.org/wildplaces/fuy/index.cfm,
PA0438,South Sakhalin-Kurile mixed forests,12500,71,1,Y,pa,4,,,,,,
PA0439,Southern Korea evergreen forests,14700,99,1,Y,pa,4,,,,,,
PA0440,Taiheiyo evergreen forests,138300,99,1,Y,pa,4,,,,,,
PA0441,Taiheiyo montane deciduous forests,41900,99,1,Y,pa,4,,,,,,
PA0442,Tarim Basin deciduous forests and steppe,54500,99,1,Y,pa,4,,,,,,
PA0443,Ussuri broadleaf and mixed forests,197400,71,2,Y,pa,4,,,,,,
PA0444,Western Siberian hemiboreal forests,223400,99,1,Y,pa,4,,,,,,
PA0445,Western European broadleaf forests,492300,99,1,Y,pa,4,,,,,,
PA0446,Zagros Mountains forest steppe,397800,99,1,Y,pa,4,,,,,,
PA0501,Alps conifer and mixed forests,149500,77,2,Y,pa,5,,,,,,
PA0502,Altai montane forest and forest steppe,142400,79,2,Y,pa,5,,,,,,
PA0503,Caledon conifer forests,22000,99,1,Y,pa,5,,,,,,
PA0504,Carpathian montane forests,125000,77,2,Y,pa,5,,,,,,
PA0505,Da Hinggan-Dzhagdy Mountains conifer forests,248300,99,2,Y,pa,5,,,,,,
PA0506,East Afghan montane conifer forests,20100,99,2,Y,pa,5,,,,,,
PA0507,Elburz Range forest steppe,63300,78,1,Y,pa,5,,,,,,
PA0508,Helanshan montane conifer forests,24700,99,3,Y,pa,5,,,,,,
PA0509,Hengduan Mountains subalpine conifer forests,99400,80,1,Y,pa,5,,,,,http://www.worldwildlife.org/wildplaces/fuy/index.cfm,
PA0510,Hokkaido montane conifer forests,45800,99,2,Y,pa,5,,,,,,
PA0511,Honshu alpine conifer forests,11500,99,2,Y,pa,5,,,,,,
PA0512,Khangai Mountains conifer forests,2900,99,1,Y,pa,5,,,,,,
PA0513,Mediterranean conifer and mixed forests,23400,77,1,Y,pa,5,,,,,http://www.worldwildlife.org/wildplaces/him/index.cfm,
PA0514,Northeastern Himalayan subalpine conifer forests,46300,67,2,Y,pa,5,,,,,,
PA0515,Northern Anatolian conifer and deciduous forests,101300,78,1,Y,pa,5,,,,,,
PA0516,Nujiang Langcang Gorge alpine conifer and mixed forests,82800,80,1,Y,pa,5,,,,,http://www.worldwildlife.org/wildplaces/fuy/index.cfm,
PA0517,Qilian Mountains conifer forests,16700,99,2,Y,pa,5,,,,,,
PA0518,Qionglai-Minshan conifer forests,80200,80,1,Y,pa,5,,,,,http://www.worldwildlife.org/wildplaces/fuy/index.cfm,
PA0519,Sayan montane conifer forests,357400,79,2,Y,pa,5,,,,,,
PA0520,Scandinavian coastal conifer forests,19300,99,1,Y,pa,5,,,,,,
PA0521,Tian Shan montane conifer forests,27500,111,2,Y,pa,5,,,,,,
PA0601,East Siberian taiga,3899700,84,3,Y,pa,6,,,,,,
PA0602,Iceland boreal birch forests and alpine tundra,91500,99,3,Y,pa,6,,,,,,
PA0603,Kamchatka-Kurile meadows and sparse forests,146400,85,3,Y,pa,6,,,,,,
PA0604,Kamchatka-Kurile taiga,15200,85,3,Y,pa,6,,,,,,
PA0605,Northeast Siberian taiga,1125700,99,3,Y,pa,6,,,,,,
PA0606,Okhotsk-Manchurian taiga,401900,99,2,Y,pa,6,,,,,,
PA0607,Sakhalin Island taiga,68700,99,2,Y,pa,6,,,,,,
PA0608,Scandinavian and Russian taiga,2156900,99,1,Y,pa,6,,,,,,
PA0609,Trans-Baikal conifer forests,200500,99,2,Y,pa,6,,,,,,
PA0610,Ural montane forests and tundra,174600,83,2,Y,pa,6,,,,,,
PA0611,West Siberian taiga,1670400,99,3,Y,pa,6,,,,,,
PA0801,Alai-Western Tian Shan steppe,127500,111,1,Y,pa,8,,,,,,
PA0802,Altai steppe and semi-desert,82900,99,2,Y,pa,8,,,,,,
PA0803,Central Anatolian steppe,24900,123,2,Y,pa,8,,,,,,
PA0804,Daurian forest steppe,208900,96,2,Y,pa,8,,,,,,
PA0805,Eastern Anatolian montane steppe,168200,99,1,Y,pa,8,,,,,,
PA0806,Emin Valley steppe,65000,99,2,Y,pa,8,,,,,,
PA0807,Faroe Islands boreal grasslands,1400,99,2,Y,pa,8,,,,,,
PA0808,Gissaro-Alai open woodlands,168000,111,1,Y,pa,8,,,,,,
PA0809,Kazakh forest steppe,420500,99,1,Y,pa,8,,,,,,
PA0810,Kazakh steppe,804500,99,1,Y,pa,8,,,,,,
PA0811,Kazakh upland,71900,99,1,Y,pa,8,,,,,,
PA0812,Middle East steppe,132300,99,2,Y,pa,8,,,,,,
PA0813,Mongolian-Manchurian grassland,887300,96,1,Y,pa,8,,,,,,
PA0814,Pontic steppe,994000,99,1,Y,pa,8,,,,,,
PA0815,Sayan Intermontane steppe,33900,79,2,Y,pa,8,,,,,,
PA0816,Selenge-Orkhon forest steppe,227600,99,2,Y,pa,8,,,,,,
PA0817,South Siberian forest steppe,161900,99,1,Y,pa,8,,,,,,
PA0818,Tian Shan foothill arid steppe,129000,111,1,Y,pa,8,,,,,,
PA0901,Amur meadow steppe,123200,99,2,Y,pa,9,,,,,,
PA0902,Bohai Sea saline meadow,11600,99,1,Y,pa,9,,,,,,
PA0903,Nenjiang River grassland,23200,99,1,Y,pa,9,,,,,,
PA0904,Nile Delta flooded savanna,50500,99,1,Y,pa,9,,,,,,
PA0905,Saharan halophytics,54000,99,3,Y,pa,9,,,,,,
PA0906,Tigris-Euphrates alluvial salt marsh,35600,99,1,Y,pa,9,,,,,,
PA0907,Suiphun-Khanka meadows and forest meadows,33800,99,1,Y,pa,9,,,,,,
PA0908,Yellow Sea saline meadow,5300,99,1,Y,pa,9,,,,,,
PA1001,Altai alpine meadow and tundra,90200,79,2,Y,pa,10,,,,,,
PA1002,Central Tibetan Plateau alpine steppe,629500,110,3,Y,pa,10,,,,,,
PA1003,Eastern Himalayan alpine shrub and meadows,121200,112,3,Y,pa,10,,,,,http://www.worldwildlife.org/wildplaces/him/index.cfm,
PA1004,Ghorat-Hazarajat alpine meadow,66500,99,2,Y,pa,10,,,,,,
PA1005,Hindu Kush alpine meadow,28300,111,2,Y,pa,10,,,,,,
PA1006,Karakoram-West Tibetan Plateau alpine steppe,143300,110,2,Y,pa,10,,,,,,
PA1007,Khangai Mountains alpine meadow,37100,99,2,Y,pa,10,,,,,,
PA1008,Kopet Dag woodlands and forest steppe,58300,78,1,Y,pa,10,,,,,,
PA1009,Kuh Rud and Eastern Iran montane woodlands,126300,99,1,Y,pa,10,,,,,,
PA1010,Mediterranean High Atlas juniper steppe,6300,123,2,Y,pa,10,,,,,,
PA1011,North Tibetan Plateau-Kunlun Mountains alpine desert,374400,99,3,Y,pa,10,,,,,,
PA1012,Northwestern Himalayan alpine shrub and meadows,49400,99,3,Y,pa,10,,,,,,
PA1013,Ordos Plateau steppe,215500,99,1,Y,pa,10,,,,,,
PA1014,Pamir alpine desert and tundra,118000,111,2,Y,pa,10,,,,,,
PA1015,Qilian Mountains subalpine meadows,73200,99,2,Y,pa,10,,,,,,
PA1016,Sayan Alpine meadows and tundra,80900,79,3,Y,pa,10,,,,,,
PA1017,Southeast Tibet shrub and meadows,460800,110,1,Y,pa,10,,,,,,
PA1018,Sulaiman Range alpine meadows,23900,99,3,Y,pa,10,,,,,,
PA1019,Tian Shan montane steppe and meadows,280100,111,2,Y,pa,10,,,,,,
PA1020,Tibetan Plateau alpine shrub and meadows,272100,110,2,Y,pa,10,,,,,,
PA1021,Western Himalayan alpine shrub and meadows,70200,99,3,Y,pa,10,,,,,,
PA1022,Yarlung Tsangpo arid steppe,59500,110,1,Y,pa,10,,,,,,
PA1101,Arctic desert,161400,99,3,Y,pa,11,,,,,,
PA1102,Bering tundra,474200,99,3,Y,pa,11,,,,,,
PA1103,Cherskii-Kolyma mountain tundra,556700,99,3,Y,pa,11,,,,,,
PA1104,Chukchi Peninsula tundra,298400,117,3,Y,pa,11,,,,,,
PA1105,Kamchatka Mountain tundra and forest tundra,119300,85,3,Y,pa,11,,,,,,
PA1106,Kola Peninsula tundra,58800,115,1,Y,pa,11,,,,,,
PA1107,Northeast Siberian coastal tundra,222600,116,3,Y,pa,11,,,,,,
PA1108,Northwest Russian-Novaya Zemlya tundra,284200,99,2,Y,pa,11,,,,,,
PA1109,Novosibirsk Islands arctic desert,36900,99,3,Y,pa,11,,,,,,
PA1110,Scandinavian Montane Birch forest and grasslands,243200,115,2,Y,pa,11,,,,,,
PA1111,Taimyr-Central Siberian tundra,954700,116,2,Y,pa,11,,,,,,
PA1112,Trans-Baikal Bald Mountain tundra,217600,99,3,Y,pa,11,,,,,,
PA1113,Wrangel Island arctic desert,7500,117,3,Y,pa,11,,,,,,
PA1114,Yamal-Gydan tundra,412100,99,2,Y,pa,11,,,,,,
PA1201,Aegean and Western Turkey sclerophyllous and mixed forests,133500,123,1,Y,pa,12,,,,,,
PA1202,Anatolian conifer and deciduous mixed forests,86300,123,1,Y,pa,12,,,,,,
PA1203,Canary Islands dry woodlands and forests,5000,123,1,Y,pa,12,,,,,,
PA1204,Corsican montane broadleaf and mixed forests,3600,123,1,Y,pa,12,,,,,,
PA1205,Crete Mediterranean forests,8200,123,1,Y,pa,12,,,,,,
PA1206,Cyprus Mediterranean forests,9300,123,1,Y,pa,12,,,,,,
PA1207,Eastern Mediterranean conifer-sclerophyllous-broadleaf forests,143800,123,1,Y,pa,12,,,,,,
PA1208,Iberian conifer forests,34400,123,1,Y,pa,12,,,,,,
PA1209,Iberian sclerophyllous and semi-deciduous forests,297700,123,1,Y,pa,12,,,,,,
PA1210,Illyrian deciduous forests,40600,123,1,Y,pa,12,,,,,,
PA1211,Italian sclerophyllous and semi-deciduous forests,102000,123,1,Y,pa,12,,,,,,
PA1212,Mediterranean acacia-argania dry woodlands and succulent thickets,100500,123,1,Y,pa,12,,,,,,
PA1213,Mediterranean dry woodlands and steppe,291700,123,2,Y,pa,12,,,,,,
PA1214,Mediterranean woodlands and forests,357900,123,1,Y,pa,12,,,,,,
PA1215,Northeastern Spain and Southern France Mediterranean forests,90700,123,1,Y,pa,12,,,,,,
PA1216,Northwest Iberian montane forests,57300,123,1,Y,pa,12,,,,,,
PA1217,Pindus Mountains mixed forests,39500,123,1,Y,pa,12,,,,,,
PA1218,South Appenine mixed montane forests,13100,123,2,Y,pa,12,,,,,,
PA1219,Southeastern Iberian shrubs and woodlands,2900,123,1,Y,pa,12,,,,,,
PA1220,Southern Anatolian montane conifer and deciduous forests,76500,123,1,Y,pa,12,,,,,,
PA1221,Southwest Iberian Mediterranean sclerophyllous and mixed forests,71100,123,1,Y,pa,12,,,,,,
PA1222,Tyrrhenian-Adriatic sclerophyllous and mixed forests,85000,123,1,Y,pa,12,,,,,,
PA1301,Afghan Mountains semi-desert,13700,99,1,Y,pa,13,,,,,,
PA1302,Alashan Plateau semi-desert,673400,99,2,Y,pa,13,,,,,,
PA1303,Arabian Desert and East Sahero-Arabian xeric shrublands,1851300,99,1,Y,pa,13,,,,,,
PA1304,Atlantic coastal desert,39900,99,3,Y,pa,13,,,,,,
PA1305,Azerbaijan shrub desert and steppe,64000,99,1,Y,pa,13,,,,,,
PA1306,Badghyz and Karabil semi-desert,133600,99,1,Y,pa,13,,,,,,
PA1307,Baluchistan xeric woodlands,288700,99,1,Y,pa,13,,,,,,
PA1308,Caspian lowland desert,267300,99,1,Y,pa,13,,,,,,
PA1309,Central Afghan Mountains xeric woodlands,139400,99,1,Y,pa,13,,,,,,
PA1310,Central Asian northern desert,662400,134,2,Y,pa,13,,,,,,
PA1311,Central Asian riparian woodlands,88600,134,1,Y,pa,13,,,,,,
PA1312,Central Asian southern desert,566700,134,1,Y,pa,13,,,,,,
PA1313,Central Persian desert basins,580900,99,2,Y,pa,13,,,,,,
PA1314,Eastern Gobi desert steppe,281800,99,2,Y,pa,13,,,,,,
PA1315,Gobi Lakes Valley desert steppe,139400,99,2,Y,pa,13,,,,,,
PA1316,Great Lakes Basin desert steppe,157200,79,2,Y,pa,13,,,,,,
PA1317,Junggar Basin semi-desert,304200,99,1,Y,pa,13,,,,,,
PA1318,Kazakh semi-desert,678400,99,1,Y,pa,13,,,,,,
PA1319,Kopet Dag semi-desert,26300,99,2,Y,pa,13,,,,,,
PA1320,Mesopotamian shrub desert,211000,99,2,Y,pa,13,,,,,,
PA1321,North Saharan steppe and woodlands,1675300,99,2,Y,pa,13,,,,,,
PA1322,Paropamisus xeric woodlands,92600,99,2,Y,pa,13,,,,,,
PA1323,Persian Gulf desert and semi-desert,72600,99,1,Y,pa,13,,,,,,
PA1324,Qaidam Basin semi-desert,192000,99,2,Y,pa,13,,,,,,
PA1325,Red Sea Nubo-Sindian tropical desert and semi-desert,651300,99,1,Y,pa,13,,,,,,
PA1326,Registan-North Pakistan sandy desert,277300,99,2,Y,pa,13,,,,,,
PA1327,Sahara desert,4639900,99,2,Y,pa,13,,,,,,
PA1328,South Iran Nubo-Sindian desert and semi-desert,351500,99,1,Y,pa,13,,,,,,
PA1329,South Saharan steppe and woodlands,1101700,99,2,Y,pa,13,,,,,,
PA1330,Taklimakan desert,741900,99,1,Y,pa,13,,,,,,
PA1331,Tibesti-Jebel Uweinat montane xeric woodlands,82200,99,3,Y,pa,13,,,,,,
PA1332,West Saharan montane xeric woodlands,258100,99,3,Y,pa,13,,,,,,
PA1333,Red Sea coastal desert,56300,99,2,Y,pa,13,,,,,,